{"arch": "mac", "N": 13, "threads": [1, 2, 4], "corpora": ["silesia", "monorepo", "nasa", "squishy"], "bytes": {"silesia": 211968000, "monorepo": 50915328, "nasa": 205242368, "squishy": 400391411}, "present": ["gz", "gz2", "rapidgzip", "libdeflate", "pigz", "zlib-ng"], "loadend": "?", "samples": {"silesia|1|gz": [0.2804957078769803, 0.279782208846882, 0.2769255409948528, 0.2799814159516245, 0.28359116706997156, 0.27785204187966883, 0.2796720829792321, 0.27785883308388293, 0.27456479193642735, 0.2794718330260366, 0.2818097500130534, 0.2758238750975579, 0.2788950421381742], "silesia|1|gz2": [0.2774236670229584, 0.279475332936272, 0.28429341688752174, 0.280731082893908, 0.2781696249730885, 0.27799241710454226, 0.2742717501241714, 0.2784091669600457, 0.274453833932057, 0.28602200001478195, 0.2774979588575661, 0.2806814999785274, 0.2859945420641452], "silesia|1|rapidgzip": [0.6760376661550254, 0.6827008328400552, 0.6782594581600279, 0.6885038749314845, 0.6701295000966638, 0.6634505419060588, 0.6723999998066574, 0.671780833043158, 0.670495584141463, 0.6737119588069618, 0.6723349159583449, 0.672524374909699, 0.6985461669974029], "silesia|1|libdeflate": [0.23691225005313754, 0.23172791698016226, 0.22416537487879395, 0.22726212488487363, 0.22320191678591073, 0.22053979197517037, 0.222776000155136, 0.22032666695304215, 0.22105904202908278, 0.22282687504775822, 0.23591558309271932, 0.2270085420459509, 0.22159537486732006], "silesia|1|pigz": [0.27104766690172255, 0.25886849989183247, 0.2669314998202026, 0.26103541697375476, 0.261781208217144, 0.2616764160338789, 0.2616037908010185, 0.2619167501106858, 0.2619429579935968, 0.27467804099433124, 0.261752667138353, 0.2653877080883831, 0.2603141670115292], "silesia|1|zlib-ng": [0.2656653339508921, 0.2625600420869887, 0.2615907920990139, 0.2680246669333428, 0.26230208296328783, 0.26748237502761185, 0.26533862482756376, 0.26245770906098187, 0.2621057918295264, 0.2599802080076188, 0.26122866687364876, 0.2625114170368761, 0.26195545913651586], "silesia|2|gz": [0.2576221670024097, 0.2634509999770671, 0.26039966684766114, 0.2609397091437131, 0.25937774986959994, 0.25747495889663696, 0.2610835840459913, 0.2609642499592155, 0.2581655830144882, 0.257617374882102, 0.262655041879043, 0.25562720792368054, 0.25946691585704684], "silesia|2|gz2": [0.2623976250179112, 0.2609477499499917, 0.2625634581781924, 0.26005962514318526, 0.260300958994776, 0.2624316660221666, 0.2623809580691159, 0.25901833293028176, 0.25589658389799297, 0.26027708291076124, 0.2589086249936372, 0.2573592911940068, 0.259238125057891], "silesia|2|rapidgzip": [0.41326670884154737, 0.41106249997392297, 0.40931962500326335, 0.41006620903499424, 0.4111301249358803, 0.4107248750515282, 0.41267441608943045, 0.41432600002735853, 0.4078791660722345, 0.4066769580822438, 0.411252667196095, 0.40731333289295435, 0.40323720802553], "silesia|2|pigz": [0.2922825829591602, 0.3075505830347538, 0.2967034999746829, 0.30124191707000136, 0.2949278340674937, 0.29515791684389114, 0.292966749984771, 0.2950712919700891, 0.2959304579999298, 0.29355070809833705, 0.2972129578702152, 0.298207167070359, 0.29542833287268877], "silesia|4|gz": [0.13710191706195474, 0.13793674996122718, 0.1383498329669237, 0.13881958392448723, 0.13757266593165696, 0.14403883391059935, 0.13663716684095562, 0.13784220907837152, 0.1381849590688944, 0.1382049999665469, 0.1394064580090344, 0.13813287508673966, 0.13948491704650223], "silesia|4|gz2": [0.1377310419920832, 0.13682920904830098, 0.14015662507154047, 0.13824270805343986, 0.1380414159502834, 0.13827987504191697, 0.13829141715541482, 0.1377950410824269, 0.1375480410642922, 0.13895950000733137, 0.13816079101525247, 0.1387751658912748, 0.13801295799203217], "silesia|4|rapidgzip": [0.23114537494257092, 0.23040891694836318, 0.23241079086437821, 0.23186849988996983, 0.23191554192453623, 0.23114912491291761, 0.2300425418652594, 0.2317831669934094, 0.23125620908103883, 0.23518133303150535, 0.22991654206998646, 0.23067654203623533, 0.23203575005754828], "silesia|4|pigz": [0.2983522079885006, 0.2976442500948906, 0.2977985420729965, 0.29217124986462295, 0.3068261668086052, 0.2945636671502143, 0.2974835420027375, 0.2972049580421299, 0.29919391707517207, 0.29554966697469354, 0.29465825017541647, 0.3001376250758767, 0.2916433750651777], "monorepo|1|gz": [0.0473759591113776, 0.04912991705350578, 0.04834933299571276, 0.047579291043803096, 0.049452624982222915, 0.048556709196418524, 0.048886166885495186, 0.04795162519440055, 0.04718066588975489, 0.04634879110381007, 0.04785304213874042, 0.04758524987846613, 0.04706908296793699], "monorepo|1|gz2": [0.046099958941340446, 0.048054249957203865, 0.04923416581004858, 0.0486412919126451, 0.048634999897331, 0.04877387499436736, 0.049770457902923226, 0.047453208127990365, 0.04690570803359151, 0.049789249897003174, 0.048871458042412996, 0.047040707897394896, 0.0479266659822315], "monorepo|1|rapidgzip": [0.15188787505030632, 0.154543082928285, 0.1540197089780122, 0.15297045791521668, 0.1510928338393569, 0.15250558289699256, 0.15635091695003211, 0.1635212921537459, 0.15326695889234543, 0.15793487499468029, 0.15632512490265071, 0.15494395792484283, 0.15544475009664893], "monorepo|1|libdeflate": [0.03763445816002786, 0.04021312505938113, 0.03926825011149049, 0.0390730001963675, 0.03773358301259577, 0.0380842499434948, 0.038848000112921, 0.038818292086943984, 0.03810337511822581, 0.038577709114179015, 0.04035391705110669, 0.03890308411791921, 0.03922079084441066], "monorepo|1|pigz": [0.04617616720497608, 0.04738416685722768, 0.04680050001479685, 0.04717495804652572, 0.04605787503533065, 0.04626945802010596, 0.046637874795123935, 0.04614258394576609, 0.04633808298967779, 0.05065145809203386, 0.0463407919742167, 0.04644274991005659, 0.04600016609765589], "monorepo|1|zlib-ng": [0.046017083106562495, 0.04555716714821756, 0.04577633296139538, 0.046726540895178914, 0.04527974990196526, 0.046303374925628304, 0.04576712497510016, 0.04539820784702897, 0.04477262496948242, 0.045633082976564765, 0.04511375003494322, 0.04599904199130833, 0.045467125019058585], "monorepo|2|gz": [0.06793195800855756, 0.06646641716361046, 0.06704929214902222, 0.06795083405449986, 0.06812391616404057, 0.0678074168972671, 0.06744670891202986, 0.06646575010381639, 0.0691939159296453, 0.06890604202635586, 0.06748291687108576, 0.06742933299392462, 0.0670414159540087], "monorepo|2|gz2": [0.06733820796944201, 0.06775299995206296, 0.0679470831528306, 0.06676629185676575, 0.06737920781597495, 0.06765791703946888, 0.06652795895934105, 0.06795454118400812, 0.07012879103422165, 0.06904679094441235, 0.06749608390964568, 0.0680076670832932, 0.06692954199388623], "monorepo|2|rapidgzip": [0.11809945804998279, 0.12089970894157887, 0.12042237492278218, 0.12234716699458659, 0.12264645914547145, 0.1204465830232948, 0.1172247079666704, 0.11968562519177794, 0.1234804589767009, 0.12480591703206301, 0.1210451249498874, 0.12061149999499321, 0.11721025011502206], "monorepo|2|pigz": [0.055712874978780746, 0.0567947500385344, 0.05652954103425145, 0.05709395813755691, 0.0573743749409914, 0.05679249996319413, 0.05589570803567767, 0.055832209065556526, 0.05659624980762601, 0.05648770881816745, 0.05810983292758465, 0.05612537497654557, 0.056867292150855064], "monorepo|4|gz": [0.04471266712062061, 0.04487141687422991, 0.04480550019070506, 0.04481237521395087, 0.04525333293713629, 0.044638916151598096, 0.04429566697217524, 0.04444200010038912, 0.0450061671435833, 0.04526183404959738, 0.04507362493313849, 0.044918708968907595, 0.04511941596865654], "monorepo|4|gz2": [0.043655291898176074, 0.044938707957044244, 0.044644834008067846, 0.04439495806582272, 0.043700167210772634, 0.04482708405703306, 0.04478366603143513, 0.04427087493240833, 0.04461237485520542, 0.044977542012929916, 0.044936791993677616, 0.04482237505726516, 0.045098374830558896],