{"arch": "intel", "N": 13, "threads": [1, 2, 4], "corpora": ["silesia", "monorepo", "nasa", "squishy"], "bytes": {"silesia": 211968000, "monorepo": 50915328, "nasa": 205242368, "squishy": 400391411}, "present": ["gz", "gz2", "rapidgzip", "igzip", "libdeflate", "pigz", "zlib-ng"], "loadend": "2.40", "samples": {"silesia|1|gz": [0.8817476989934221, 0.8239671089686453, 0.8225376469781622, 0.8240523929707706, 0.8247364059789106, 0.8247853530338034, 0.8248945150990039, 0.8258044380927458, 0.8259130159858614, 0.8257089720573276, 0.8229960340540856, 0.8233880139887333, 0.823873694986105], "silesia|1|gz2": [0.8213858830276877, 0.8271026640431955, 0.8240386469988152, 0.8256871500052512, 0.8254868480144069, 0.8255105280550197, 0.8254963480867445, 0.824535112013109, 0.8233310389332473, 0.8241832109633833, 0.8239166659768671, 0.825399499037303, 0.8236476220190525], "silesia|1|rapidgzip": [0.7640647479565814, 0.7671672099968418, 0.7673631310462952, 0.7658151390496641, 0.7698109049815685, 0.7697902610525489, 0.7684652650495991, 0.7662696850020438, 0.7665764220291749, 0.7652402769308537, 0.7653867680346593, 0.7676500409143046, 0.7651777690043673], "silesia|1|igzip": [0.6612616239581257, 0.6634009579429403, 0.6604928890010342, 0.6628510180162266, 0.6615295470692217, 0.6616642259759828, 0.6618530630366877, 0.6611750710289925, 0.6607300459872931, 0.6616294520208612, 0.6606987318955362, 0.6603665250586346, 0.6616991739720106], "silesia|1|libdeflate": [0.7293226009933278, 0.7315492000197992, 0.7319889010395855, 0.7350037370342761, 0.7299027330009267, 0.7301280240062624, 0.7289501470513642, 0.7277808800572529, 0.7291971830418333, 0.7306319989729673, 0.7286920049227774, 0.7302325359778479, 0.7298794740345329], "silesia|1|pigz": [1.7700483750086278, 1.7730392719386145, 1.7705260959919542, 1.7704902780242264, 1.7711843800498173, 1.7748590529663488, 1.7694020230555907, 1.7706641149707139, 1.7715485350927338, 1.7697653169743717, 1.7712979710195214, 1.7710627049673349, 1.7701943679712713], "silesia|1|zlib-ng": [0.7817792660789564, 0.7814736079890281, 0.7805456980131567, 0.7819953239522874, 0.7796727441018447, 0.7811588960466906, 0.7785668079741299, 0.7819681289838627, 0.777868177043274, 0.7833912729984149, 0.7818976859562099, 0.7807205299613997, 0.7811561319977045], "silesia|2|gz": [1.4065873100189492, 1.4067109850002453, 1.4083450459875166, 1.4099647629773244, 1.4095807129051536, 1.404671936063096, 1.4058669450460002, 1.4065486210165545, 1.4058971420163289, 1.4061578420223668, 1.4072103319922462, 1.4047346579609439, 1.4058184439782053], "silesia|2|gz2": [1.4047489599324763, 1.405508007039316, 1.4063586869742721, 1.4078527560923249, 1.4056411830242723, 1.408403089037165, 1.405514635029249, 1.4031842270633206, 1.4059246389660984, 1.4086777610937133, 1.4067686520284042, 1.4069512890418991, 1.4063708320027217], "silesia|2|rapidgzip": [1.4130256950156763, 1.4139266359852627, 1.4147707429947332, 1.4138826350681484, 1.4125124890124425, 1.4045717030530795, 1.4013069809880108, 1.4235852310666814, 1.4133217399939895, 1.403434142936021, 1.402531111962162, 1.4113968900637701, 1.413707043044269], "silesia|2|pigz": [1.9642752889776602, 1.9650859840912744, 1.9701120180543512, 1.967064823023975, 1.9650825809221715, 1.964187516947277, 1.9617939109448344, 1.9679082839284092, 1.966235014027916, 1.9669341419357806, 1.9670031759887934, 1.964036752935499, 1.9637275889981538], "silesia|4|gz": [0.5288399000419304, 0.5458792700665072, 0.5303852589568123, 0.5137902670539916, 0.567376769031398, 0.540735429036431, 0.5182706629857421, 0.5477585740154609, 0.5441685379482806, 0.5236155849415809, 0.5656087460229173, 0.522283997037448, 0.5402906760573387], "silesia|4|gz2": [0.5615744560491294, 0.5863124059978873, 0.530872642993927, 0.5095832890365273, 0.537201261962764, 0.5504562150454149, 0.513939889962785, 0.5283986940048635, 0.5345334499143064, 0.5144062510225922, 0.5445526950061321, 0.5261582699604332, 0.5272659700131044], "silesia|4|rapidgzip": [0.5288375319214538, 0.5519371929112822, 0.4934103209525347, 0.5091613340191543, 0.5170202190056443, 0.527372132986784, 0.5124975859653205, 0.5031590400030836, 0.504080775892362, 0.5278425799915567, 0.5220472969813272, 0.5444033790845424, 0.5183402930852026], "silesia|4|pigz": [1.8343867739895359, 1.730137133039534, 1.7262531659798697, 1.7584453800227493, 1.733398657059297, 1.7356275070924312, 1.7728751869872212, 1.7229614279931411, 1.7248582569882274, 1.7524123089388013, 1.7276094540720806, 1.749347187927924, 1.770496016019024], "monorepo|1|gz": [0.153713483014144, 0.1546889590099454, 0.15470127295702696, 0.15334039297886193, 0.15350538189522922, 0.15436910709831864, 0.1547142859781161, 0.15421634202357382, 0.15438686695415527, 0.1543327720137313, 0.15376816503703594, 0.15392667497508228, 0.1537797769997269], "monorepo|1|gz2": [0.15383450395893306, 0.16138050600420684, 0.15391064493451267, 0.1538980850018561, 0.15372031601145864, 0.154390576062724, 0.15342755406163633, 0.15382074494846165, 0.15374081197660416, 0.1544418449047953, 0.15441022999584675, 0.1532340080011636, 0.15318197396118194], "monorepo|1|rapidgzip": [0.15727181907277554, 0.1586417150683701, 0.15760837099514902, 0.15777027502190322, 0.15787308698054403, 0.15904379694256932, 0.15824407094623893, 0.15854051208589226, 0.15825324796605855, 0.15831019508186728, 0.15868944593239576, 0.15824384207371622, 0.15922010596841574], "monorepo|1|igzip": [0.1099830298917368, 0.10968301608227193, 0.10952373396139592, 0.11007815704215318, 0.11049632797949016, 0.10975322499871254, 0.110174261033535, 0.11039629904553294, 0.11040414602030069, 0.10928807209711522, 0.1098911400185898, 0.10938105301465839, 0.10944211401510984], "monorepo|1|libdeflate": [0.12608834996353835, 0.12571012694388628, 0.12364254496060312, 0.12488861801102757, 0.12487328704446554, 0.12540810008067638, 0.12753275397699326, 0.12634551501832902, 0.1253353499341756, 0.1246067900210619, 0.1258489489555359, 0.12498859991319478, 0.12623564607929438], "monorepo|1|pigz": [0.32352867000736296, 0.32273641193751246, 0.32282102201133966, 0.3231651569949463, 0.3229191550053656, 0.32271083595696837, 0.323521618032828, 0.3224768419750035, 0.32302800996694714, 0.3260768880136311, 0.32328382693231106, 0.32205224595963955, 0.3230892060091719], "monorepo|1|zlib-ng": [0.12004091404378414, 0.12107143097091466, 0.12344125297386199, 0.12283899099566042, 0.12163152499124408, 0.12236306502018124, 0.12165272596757859, 0.12008669704664499, 0.12095908296760172, 0.12064137705601752, 0.1226857079891488, 0.12198916007764637, 0.12127673800569028], "monorepo|2|gz": [0.3762182720238343, 0.3771688250126317, 0.37683605507481843, 0.3756063219625503, 0.37657211697660387, 0.376608578953892, 0.3769697960233316, 0.37610616302117705, 0.37754103797487915, 0.37970461999066174, 0.37652063404675573, 0.3776151550700888, 0.3768530940869823], "monorepo|2|gz2": [0.3758052559569478, 0.3755493810167536, 0.37460613204166293, 0.3752294739242643, 0.3762775539653376, 0.3761585419997573, 0.3763544369721785, 0.37620366597548127, 0.37740851496346295, 0.37673892499879, 0.3762738279765472, 0.3757550520822406, 0.3769104820676148], "monorepo|2|rapidgzip": [0.37713063892442733, 0.3784832829842344, 0.378023728961125, 0.3756677160272375, 0.3757583249825984, 0.3767687539802864, 0.3773703889455646, 0.3780989730730653, 0.3775519719347358, 0.3792841179529205, 0.3745968930888921, 0.3791143069975078, 0.37998922797851264], "monorepo|2|pigz": [0.36712815205100924, 0.36874744400847703, 0.36806061095558107, 0.3684982289560139, 0.36788168898783624, 0.3668154199840501, 0.3676925409818068, 0.36869738495443016, 0.3677023299969733, 0.36832270002923906, 0.36712769395671785, 0.36817410099320114, 0.3683878800366074], "monorepo|4|gz": [0.1617842969717458, 0.17095581896137446, 0.15719795692712069, 0.16530860704369843, 0.16046369599644095, 0.16938555298838764, 0.17147567693609744, 0.16824930405709893, 0.180630196002312, 0.16488369507715106, 0.15730187797453254, 0.16023132903501391, 0.1517652189359069],